{
  "golden_hour_closed": {
    "count": 1015,
    "total_pnl": 31.464614415738485,
    "wins": 441,
    "losses": 574,
    "win_rate": 43.44827586206896,
    "avg_pnl": 0.030999620114028063,
    "profit_factor": 1.0730231592120114,
    "avg_hold_time_seconds": 1895.4355050876848,
    "with_snapshots": 99,
    "snapshot_rate": 9.753694581280788
  },
  "non_golden_closed": {
    "count": 2496,
    "total_pnl": -499.2182730108949,
    "wins": 931,
    "losses": 1565,
    "win_rate": 37.29967948717949,
    "avg_pnl": -0.2000073209178265,
    "profit_factor": 0.5128935143313673,
    "avg_hold_time_seconds": 2396.0751346422276,
    "with_snapshots": 356,
    "snapshot_rate": 14.262820512820513
  },
  "golden_hour_open": {
    "count": 7,
    "total_pnl": 0.0,
    "wins": 0,
    "losses": 0,
    "win_rate": 0.0,
    "avg_pnl": 0.0,
    "profit_factor": 0.0,
    "avg_hold_time_seconds": 0.0,
    "with_snapshots": 7,
    "snapshot_rate": 100.0
  },
  "symbol_stats": {
    "ADAUSDT": {
      "count": 30,
      "pnl": -11.134231875693818,
      "wins": 9,
      "losses": 21,
      "gross_profit": 17.4536312590081,
      "gross_loss": 28.58786313470192,
      "profit_factor": 0.6105259136287693,
      "avg_hold_time_seconds": 1384.3584194333334
    },
    "SOLUSDT": {
      "count": 225,
      "pnl": 7.0025718891673545,
      "wins": 108,
      "losses": 117,
      "gross_profit": 103.5648122195879,
      "gross_loss": 96.56224033042056,
      "profit_factor": 1.0725187388487016,
      "avg_hold_time_seconds": 1863.0097446533334
    },
    "XRPUSDT": {
      "count": 43,
      "pnl": 0.8325995624475154,
      "wins": 21,
      "losses": 22,
      "gross_profit": 16.54979307023528,
      "gross_loss": 15.717193507787758,
      "profit_factor": 1.0529738061718825,
      "avg_hold_time_seconds": 1251.0312148372093
    },
    "DOGEUSDT": {
      "count": 17,
      "pnl": 5.643308808174063,
      "wins": 10,
      "losses": 7,
      "gross_profit": 15.207128810017057,
      "gross_loss": 9.563820001842993,
      "profit_factor": 1.5900684880190732,
      "avg_hold_time_seconds": 1400.450481352941
    },
    "BNBUSDT": {
      "count": 8,
      "pnl": 8.960008860456671,
      "wins": 4,
      "losses": 4,
      "gross_profit": 11.51020548075952,
      "gross_loss": 2.550196620302848,
      "profit_factor": 4.513458056184166,
      "avg_hold_time_seconds": 1469.08326625
    },
    "ETHUSDT": {
      "count": 246,
      "pnl": -2.8953388084910148,
      "wins": 107,
      "losses": 139,
      "gross_profit": 99.91846824143438,
      "gross_loss": 102.81380704992539,
      "profit_factor": 0.9718390078962347,
      "avg_hold_time_seconds": 2006.2357567682927
    },
    "BTCUSDT": {
      "count": 277,
      "pnl": -20.325859847074113,
      "wins": 109,
      "losses": 168,
      "gross_profit": 80.81269367596238,
      "gross_loss": 101.13855352303656,
      "profit_factor": 0.7990295575816742,
      "avg_hold_time_seconds": 2032.0143998483752
    },
    "AVAXUSDT": {
      "count": 98,
      "pnl": 36.87673446077761,
      "wins": 45,
      "losses": 53,
      "gross_profit": 74.34553057986419,
      "gross_loss": 37.46879611908658,
      "profit_factor": 1.9841985406622824,
      "avg_hold_time_seconds": 2043.788438357143
    },
    "LINKUSDT": {
      "count": 8,
      "pnl": 8.230576541833333,
      "wins": 5,
      "losses": 3,
      "gross_profit": 9.778360698168521,
      "gross_loss": 1.5477841563351888,
      "profit_factor": 6.317651371572068,
      "avg_hold_time_seconds": 1934.34173975
    },
    "DOTUSDT": {
      "count": 51,
      "pnl": -1.0353838005580889,
      "wins": 19,
      "losses": 32,
      "gross_profit": 28.950886153843662,
      "gross_loss": 29.986269954401745,
      "profit_factor": 0.9654714040081501,
      "avg_hold_time_seconds": 1690.9667612745097
    },
    "ARBUSDT": {
      "count": 6,
      "pnl": -1.0235426670315333,
      "wins": 1,
      "losses": 5,
      "gross_profit": 1.109787697332627,
      "gross_loss": 2.13333036436416,
      "profit_factor": 0.520213707108322,
      "avg_hold_time_seconds": 1167.2214488333332
    },
    "OPUSDT": {
      "count": 6,
      "pnl": 0.33317129173041016,
      "wins": 3,
      "losses": 3,
      "gross_profit": 3.1487336392699365,
      "gross_loss": 2.8155623475395264,
      "profit_factor": 1.1183320596759518,
      "avg_hold_time_seconds": 1398.9677775
    }
  },
  "strategy_stats": {
    "Sentiment-Fusion": {
      "count": 462,
      "pnl": 32.79091699661611,
      "wins": 199,
      "losses": 263
    },
    "Alpha-OFI": {
      "count": 33,
      "pnl": -9.548019721325353,
      "wins": 13,
      "losses": 20
    },
    "Reentry-Module": {
      "count": 67,
      "pnl": -8.171800941121225,
      "wins": 27,
      "losses": 40
    },
    "Trend-Conservative": {
      "count": 236,
      "pnl": 7.797233143775254,
      "wins": 98,
      "losses": 138
    },
    "Breakout-Aggressive": {
      "count": 217,
      "pnl": 8.59628493779355,
      "wins": 104,
      "losses": 113
    }
  },
  "sample_trades": [
    {
      "symbol": "ETHUSDT",
      "strategy": "Reentry-Module",
      "opened_at": "2025-12-23T15:32:32.792307-07:00",
      "pnl": -0.36866295959521633,
      "atr_14": 0.9428571428571298,
      "regime": "NOISE",
      "volume_24h": 53.0
    },
    {
      "symbol": "SOLUSDT",
      "strategy": "Sentiment-Fusion",
      "opened_at": "2025-12-23T15:45:52.518763-07:00",
      "pnl": 0.20032258064516542,
      "atr_14": 0.018571428571426907,
      "regime": "NOISE",
      "volume_24h": 115.91999999999997
    },
    {
      "symbol": "BTCUSDT",
      "strategy": "Sentiment-Fusion",
      "opened_at": "2025-12-23T15:39:29.179862-07:00",
      "pnl": 0.29485645504818364,
      "atr_14": 18.392857142857142,
      "regime": "NOISE",
      "volume_24h": 24.0
    },
    {
      "symbol": "SOLUSDT",
      "strategy": "Sentiment-Fusion",
      "opened_at": "2025-12-23T15:45:52.518763-07:00",
      "pnl": 0.3871849153741898,
      "atr_14": 0.018571428571426907,
      "regime": "NOISE",
      "volume_24h": 115.91999999999997
    },
    {
      "symbol": "ETHUSDT",
      "strategy": "Sentiment-Fusion",
      "opened_at": "2025-12-23T15:45:29.673468-07:00",
      "pnl": 0.28739465681176046,
      "atr_14": 0.0,
      "regime": "NOISE",
      "volume_24h": 5.0
    },
    {
      "symbol": "SOLUSDT",
      "strategy": "Breakout-Aggressive",
      "opened_at": "2025-12-23T15:45:57.042673-07:00",
      "pnl": 0.7745949869301944,
      "atr_14": 0.018571428571426907,
      "regime": "NOISE",
      "volume_24h": 115.91999999999997
    },
    {
      "symbol": "BTCUSDT",
      "strategy": "Trend-Conservative",
      "opened_at": "2025-12-23T15:51:28.765278-07:00",
      "pnl": 0.5701951676112874,
      "atr_14": 0.0,
      "regime": "NOISE",
      "volume_24h": 20.0
    },
    {
      "symbol": "ETHUSDT",
      "strategy": "Trend-Conservative",
      "opened_at": "2025-12-23T15:51:56.652069-07:00",
      "pnl": 0.13888220612038413,
      "atr_14": 0.0,
      "regime": "NOISE",
      "volume_24h": 5.0
    },
    {
      "symbol": "BTCUSDT",
      "strategy": "Breakout-Aggressive",
      "opened_at": "2025-12-23T15:51:32.299146-07:00",
      "pnl": -0.18471082099053598,
      "atr_14": 0.0,
      "regime": "NOISE",
      "volume_24h": 20.0
    },
    {
      "symbol": "SOLUSDT",
      "strategy": "Breakout-Aggressive",
      "opened_at": "2025-12-24T09:03:50.304563-07:00",
      "pnl": 0.5506481638706694,
      "atr_14": 0.11642857142857414,
      "regime": "NOISE",
      "volume_24h": 547.9700000000001
    },
    {
      "symbol": "BTCUSDT",
      "strategy": "Sentiment-Fusion",
      "opened_at": "2025-12-24T09:02:57.216381-07:00",
      "pnl": -1.2167511652965455,
      "atr_14": 0.0,
      "regime": "NOISE",
      "volume_24h": 12.0
    },
    {
      "symbol": "BTCUSDT",
      "strategy": "Trend-Conservative",
      "opened_at": "2025-12-24T09:09:55.085915-07:00",