{
  "golden_hour_closed": {
    "count": 1025,
    "total_pnl": 28.78208455485024,
    "wins": 444,
    "losses": 581,
    "win_rate": 43.31707317073171,
    "avg_pnl": 0.02808008249253682,
    "profit_factor": 1.066293749633347,
    "avg_hold_time_seconds": 1895.052924742439,
    "with_snapshots": 109,
    "snapshot_rate": 10.634146341463415
  },
  "non_golden_closed": {
    "count": 2496,
    "total_pnl": -499.2182730108949,
    "wins": 931,
    "losses": 1565,
    "win_rate": 37.29967948717949,
    "avg_pnl": -0.2000073209178265,
    "profit_factor": 0.5128935143313673,
    "avg_hold_time_seconds": 2396.0751346422276,
    "with_snapshots": 356,
    "snapshot_rate": 14.262820512820513
  },
  "golden_hour_open": {
    "count": 0,
    "total_pnl": 0.0,
    "wins": 0,
    "losses": 0,
    "win_rate": 0.0,
    "avg_pnl": 0.0,
    "profit_factor": 0.0,
    "avg_hold_time_seconds": 0.0,
    "with_snapshots": 0,
    "snapshot_rate": 0.0
  },
  "symbol_stats": {
    "ADAUSDT": {
      "count": 31,
      "pnl": -12.098875826006743,
      "wins": 9,
      "losses": 22,
      "gross_profit": 17.4536312590081,
      "gross_loss": 29.552507085014845,
      "profit_factor": 0.5905973123971703,
      "avg_hold_time_seconds": 1398.2867390645163
    },
    "SOLUSDT": {
      "count": 228,
      "pnl": 6.321909660179714,
      "wins": 109,
      "losses": 119,
      "gross_profit": 103.66757472445312,
      "gross_loss": 97.3456650642734,
      "profit_factor": 1.0649428986489087,
      "avg_hold_time_seconds": 1861.3109533991228
    },
    "XRPUSDT": {
      "count": 43,
      "pnl": 0.8325995624475154,
      "wins": 21,
      "losses": 22,
      "gross_profit": 16.54979307023528,
      "gross_loss": 15.717193507787758,
      "profit_factor": 1.0529738061718825,
      "avg_hold_time_seconds": 1251.0312148372093
    },
    "DOGEUSDT": {
      "count": 17,
      "pnl": 5.643308808174063,
      "wins": 10,
      "losses": 7,
      "gross_profit": 15.207128810017057,
      "gross_loss": 9.563820001842993,
      "profit_factor": 1.5900684880190732,
      "avg_hold_time_seconds": 1400.450481352941
    },
    "BNBUSDT": {
      "count": 8,
      "pnl": 8.960008860456671,
      "wins": 4,
      "losses": 4,
      "gross_profit": 11.51020548075952,
      "gross_loss": 2.550196620302848,
      "profit_factor": 4.513458056184166,
      "avg_hold_time_seconds": 1469.08326625
    },
    "ETHUSDT": {
      "count": 249,
      "pnl": -4.187113634948051,
      "wins": 107,
      "losses": 142,
      "gross_profit": 99.91846824143438,
      "gross_loss": 104.10558187638243,
      "profit_factor": 0.959780123606437,
      "avg_hold_time_seconds": 2005.2700374859437
    },
    "BTCUSDT": {
      "count": 280,
      "pnl": -20.071308702204753,
      "wins": 111,
      "losses": 169,
      "gross_profit": 81.30183658529042,
      "gross_loss": 101.37314528749523,
      "profit_factor": 0.8020056628875193,
      "avg_hold_time_seconds": 2030.8361236785713
    },
    "AVAXUSDT": {
      "count": 98,
      "pnl": 36.87673446077761,
      "wins": 45,
      "losses": 53,
      "gross_profit": 74.34553057986419,
      "gross_loss": 37.46879611908658,
      "profit_factor": 1.9841985406622824,
      "avg_hold_time_seconds": 2043.788438357143
    },
    "LINKUSDT": {
      "count": 8,
      "pnl": 8.230576541833333,
      "wins": 5,
      "losses": 3,
      "gross_profit": 9.778360698168521,
      "gross_loss": 1.5477841563351888,
      "profit_factor": 6.317651371572068,
      "avg_hold_time_seconds": 1934.34173975
    },
    "DOTUSDT": {
      "count": 51,
      "pnl": -1.0353838005580889,
      "wins": 19,
      "losses": 32,
      "gross_profit": 28.950886153843662,
      "gross_loss": 29.986269954401745,
      "profit_factor": 0.9654714040081501,
      "avg_hold_time_seconds": 1690.9667612745097
    },
    "ARBUSDT": {
      "count": 6,
      "pnl": -1.0235426670315333,
      "wins": 1,
      "losses": 5,
      "gross_profit": 1.109787697332627,
      "gross_loss": 2.13333036436416,
      "profit_factor": 0.520213707108322,
      "avg_hold_time_seconds": 1167.2214488333332
    },
    "OPUSDT": {
      "count": 6,
      "pnl": 0.33317129173041016,
      "wins": 3,
      "losses": 3,
      "gross_profit": 3.1487336392699365,
      "gross_loss": 2.8155623475395264,
      "profit_factor": 1.1183320596759518,
      "avg_hold_time_seconds": 1398.9677775
    }
  },
  "strategy_stats": {
    "Sentiment-Fusion": {
      "count": 465,
      "pnl": 32.54896457903215,
      "wins": 201,
      "losses": 264
    },
    "Alpha-OFI": {
      "count": 33,
      "pnl": -9.548019721325353,
      "wins": 13,
      "losses": 20
    },
    "Reentry-Module": {
      "count": 67,
      "pnl": -8.171800941121225,
      "wins": 27,
      "losses": 40
    },
    "Trend-Conservative": {
      "count": 240,
      "pnl": 6.2705598884701885,
      "wins": 99,
      "losses": 141
    },
    "Breakout-Aggressive": {
      "count": 220,
      "pnl": 7.68238074979434,
      "wins": 104,
      "losses": 116
    }
  },
  "sample_trades": [
    {
      "symbol": "BTCUSDT",
      "strategy": "Sentiment-Fusion",
      "opened_at": "2025-12-24T09:02:57.216381-07:00",
      "pnl": -1.2167511652965455,
      "atr_14": 0.0,
      "regime": "NOISE",
      "volume_24h": 12.0
    },
    {
      "symbol": "BTCUSDT",
      "strategy": "Trend-Conservative",
      "opened_at": "2025-12-24T09:09:55.085915-07:00",
      "pnl": -1.437988138855211,
      "atr_14": 0.0,
      "regime": "NOISE",
      "volume_24h": 0.0
    },
    {
      "symbol": "SOLUSDT",
      "strategy": "Sentiment-Fusion",
      "opened_at": "2025-12-24T09:17:12.398335-07:00",
      "pnl": 0.7068037608206251,
      "atr_14": 0.0835714285714287,
      "regime": "NOISE",
      "volume_24h": 551.4100000000001
    },
    {
      "symbol": "ETHUSDT",
      "strategy": "Sentiment-Fusion",
      "opened_at": "2025-12-24T09:16:39.474229-07:00",
      "pnl": -0.42871365966970676,
      "atr_14": 0.9357142857142792,
      "regime": "NOISE",
      "volume_24h": 44.0
    },
    {
      "symbol": "BTCUSDT",
      "strategy": "Breakout-Aggressive",
      "opened_at": "2025-12-24T09:16:14.808746-07:00",
      "pnl": -1.0401278554073723,
      "atr_14": 11.714285714285714,
      "regime": "NOISE",
      "volume_24h": 41.0
    },
    {
      "symbol": "ETHUSDT",
      "strategy": "Sentiment-Fusion",
      "opened_at": "2025-12-24T09:16:39.474229-07:00",
      "pnl": -1.0870390650038377,
      "atr_14": 0.9357142857142792,
      "regime": "NOISE",
      "volume_24h": 44.0
    },
    {
      "symbol": "SOLUSDT",
      "strategy": "Trend-Conservative",
      "opened_at": "2025-12-24T09:23:31.699669-07:00",
      "pnl": -0.18613436268166658,
      "atr_14": 0.14357142857142793,
      "regime": "NOISE",
      "volume_24h": 636.13
    },
    {
      "symbol": "ETHUSDT",
      "strategy": "Trend-Conservative",
      "opened_at": "2025-12-24T09:23:07.156501-07:00",
      "pnl": -0.4870664209417467,
      "atr_14": 0.9357142857142792,
      "regime": "NOISE",
      "volume_24h": 44.0
    },
    {
      "symbol": "SOLUSDT",
      "strategy": "Breakout-Aggressive",
      "opened_at": "2025-12-24T09:30:07.306802-07:00",
      "pnl": -0.43640092433038846,
      "atr_14": 0.0721428571428565,
      "regime": "NOISE",
      "volume_24h": 573.63
    },
    {
      "symbol": "ADAUSDT",
      "strategy": "Sentiment-Fusion",
      "opened_at": "2025-12-24T09:31:34.007268-07:00",
      "pnl": -2.063445239891574,
      "atr_14": 0.0,
      "regime": "NOISE",
      "volume_24h": 14222.0
    },
    {
      "symbol": "ADAUSDT",
      "strategy": "Trend-Conservative",
      "opened_at": "2025-12-24T09:31:38.452297-07:00",
      "pnl": -0.964643950312926,
      "atr_14": 0.0,
      "regime": "NOISE",
      "volume_24h": 14222.0
    },
    {
      "symbol": "BTCUSDT",
      "strategy": "Sentiment-Fusion",
      "opened_at": "2025-12-24T09:36:20.787053-07:00",
      "pnl": 0.1425346562078409,
      "atr_14": 0.0,