{
  "component": "bot_cycle",
  "last_heartbeat_ts": 1765735719,
  "last_heartbeat_dt": "2025-12-14 18:08:39 UTC",
  "metadata": {
    "portfolio_value": 5838.399366522594,
    "open_positions": 8,
    "available_margin": 6397.805787496274
  }
}