{
  "timestamp": "2025-12-14T20:32:11.050503+00:00",
  "net_pnl": -173.2155870000003,
  "win_rate": 28.252032520325205,
  "total_trades": 984,
  "missed_total": 200,
  "blocked_total": 7883,
  "evolution_score": 5.650406504065039
}