{
  "timestamp": "2025-12-14T19:25:22.390640+00:00",
  "net_pnl": -186.5018570000003,
  "win_rate": 27.86885245901639,
  "total_trades": 1037,
  "missed_total": 200,
  "blocked_total": 8325,
  "evolution_score": 5.573770491803277
}