{
  "timestamp": "2025-12-11T10:00:15.660178Z",
  "total_decisions": 799,
  "by_symbol": {
    "DOTUSDT": {
      "count": 36,
      "win_rate": 69.44444444444444,
      "total_pnl": 18.88,
      "avg_pnl": 0.52,
      "inverted_wr_potential": 30.555555555555557
    },
    "ADAUSDT": {
      "count": 38,
      "win_rate": 44.73684210526316,
      "total_pnl": 2.23,
      "avg_pnl": 0.06,
      "inverted_wr_potential": 55.26315789473684
    },
    "DOGEUSDT": {
      "count": 32,
      "win_rate": 34.375,
      "total_pnl": -3.14,
      "avg_pnl": -0.1,
      "inverted_wr_potential": 65.625
    },
    "AVAXUSDT": {
      "count": 89,
      "win_rate": 34.831460674157306,
      "total_pnl": -3.64,
      "avg_pnl": -0.04,
      "inverted_wr_potential": 65.16853932584269
    },
    "XRPUSDT": {
      "count": 64,
      "win_rate": 26.5625,
      "total_pnl": -21.49,
      "avg_pnl": -0.34,
      "inverted_wr_potential": 73.4375
    },
    "BTCUSDT": {
      "count": 175,
      "win_rate": 34.85714285714286,
      "total_pnl": -24.03,
      "avg_pnl": -0.14,
      "inverted_wr_potential": 65.14285714285714
    },
    "ETHUSDT": {
      "count": 182,
      "win_rate": 36.81318681318682,
      "total_pnl": -31.02,
      "avg_pnl": -0.17,
      "inverted_wr_potential": 63.18681318681318
    },
    "SOLUSDT": {
      "count": 125,
      "win_rate": 37.6,
      "total_pnl": -31.24,
      "avg_pnl": -0.25,
      "inverted_wr_potential": 62.4
    }
  },
  "by_direction": {
    "SHORT": {
      "count": 292,
      "win_rate": 36.3013698630137,
      "total_pnl": -39.73,
      "avg_pnl": -0.14,
      "inverted_wr_potential": 63.6986301369863
    },
    "LONG": {
      "count": 507,
      "win_rate": 36.68639053254438,
      "total_pnl": -60.5,
      "avg_pnl": -0.12,
      "inverted_wr_potential": 63.31360946745562
    }
  },
  "by_inversion": {
    "followed_original": {
      "count": 799,
      "win_rate": 36.545682102628284,
      "total_pnl": -100.23,
      "avg_pnl": -0.13
    }
  },
  "by_ofi_bucket": {
    "weak": {
      "count": 185,
      "win_rate": 38.37837837837838,
      "total_pnl": 9.96,
      "avg_pnl": 0.05,
      "inverted_wr_potential": 61.62162162162162
    },
    "strong": {
      "count": 150,
      "win_rate": 33.33333333333333,
      "total_pnl": -27.72,
      "avg_pnl": -0.18,
      "inverted_wr_potential": 66.66666666666667
    },
    "moderate": {
      "count": 142,
      "win_rate": 31.690140845070424,
      "total_pnl": -36.41,
      "avg_pnl": -0.26,
      "inverted_wr_potential": 68.30985915492957
    },
    "very_strong": {
      "count": 322,
      "win_rate": 39.130434782608695,
      "total_pnl": -46.06,
      "avg_pnl": -0.14,
      "inverted_wr_potential": 60.869565217391305
    }
  },
  "by_ensemble_bucket": {
    "bearish": {
      "count": 173,
      "win_rate": 41.61849710982659,
      "total_pnl": -17.82,
      "avg_pnl": -0.1,
      "inverted_wr_potential": 58.38150289017341
    },
    "neutral": {
      "count": 403,
      "win_rate": 35.235732009925556,
      "total_pnl": -39.84,
      "avg_pnl": -0.1,
      "inverted_wr_potential": 64.76426799007444
    },
    "bullish": {
      "count": 223,
      "win_rate": 34.97757847533632,
      "total_pnl": -42.57,
      "avg_pnl": -0.19,
      "inverted_wr_potential": 65.02242152466368
    }
  },
  "by_regime": {
    "unknown": {
      "count": 59,
      "win_rate": 42.3728813559322,
      "total_pnl": 11.15,
      "avg_pnl": 0.19,
      "inverted_wr_potential": 57.6271186440678
    },
    "Stable": {
      "count": 740,
      "win_rate": 36.08108108108108,
      "total_pnl": -111.38,
      "avg_pnl": -0.15,
      "inverted_wr_potential": 63.91891891891892
    }
  },
  "by_session": {
    "evening": {
      "count": 96,
      "win_rate": 47.91666666666667,
      "total_pnl": 2.78,
      "avg_pnl": 0.03,
      "inverted_wr_potential": 52.08333333333333
    },
    "europe": {
      "count": 87,
      "win_rate": 25.287356321839084,
      "total_pnl": -25.41,
      "avg_pnl": -0.29,
      "inverted_wr_potential": 74.71264367816092
    },
    "us": {
      "count": 127,
      "win_rate": 33.85826771653544,
      "total_pnl": -34.59,
      "avg_pnl": -0.27,
      "inverted_wr_potential": 66.14173228346456
    },
    "asia": {
      "count": 489,
      "win_rate": 37.01431492842536,
      "total_pnl": -43.01,
      "avg_pnl": -0.09,
      "inverted_wr_potential": 62.98568507157464
    }
  },
  "by_symbol_direction": {
    "DOTUSDT|LONG": {
      "count": 35,
      "win_rate": 68.6,
      "total_pnl": 17.67,
      "avg_pnl": 0.5,
      "inversion_potential": 31.4,
      "should_invert": false
    },
    "DOGEUSDT|SHORT": {
      "count": 31,
      "win_rate": 32.3,
      "total_pnl": -4.99,
      "avg_pnl": -0.16,
      "inversion_potential": 67.7,
      "should_invert": true
    },
    "AVAXUSDT|LONG": {
      "count": 87,
      "win_rate": 33.3,
      "total_pnl": -5.01,
      "avg_pnl": -0.06,
      "inversion_potential": 66.7,
      "should_invert": true
    },
    "SOLUSDT|LONG": {
      "count": 72,
      "win_rate": 43.1,
      "total_pnl": -14.67,
      "avg_pnl": -0.2,
      "inversion_potential": 56.9,
      "should_invert": false
    },
    "SOLUSDT|SHORT": {
      "count": 53,
      "win_rate": 30.2,
      "total_pnl": -16.57,
      "avg_pnl": -0.31,
      "inversion_potential": 69.8,
      "should_invert": true
    },
    "XRPUSDT|LONG": {
      "count": 63,
      "win_rate": 25.4,
      "total_pnl": -21.82,
      "avg_pnl": -0.35,
      "inversion_potential": 74.6,
      "should_invert": true
    },
    "BTCUSDT|SHORT": {
      "count": 172,
      "win_rate": 33.7,
      "total_pnl": -25.43,
      "avg_pnl": -0.15,
      "inversion_potential": 66.3,
      "should_invert": true
    },
    "ETHUSDT|LONG": {
      "count": 178,
      "win_rate": 35.4,
      "total_pnl": -32.55,
      "avg_pnl": -0.18,
      "inversion_potential": 64.6,
      "should_invert": true
    }
  },
  "by_symbol_ofi": {
    "BTCUSDT|weak": {
      "count": 36,
      "win_rate": 27.8,
      "total_pnl": -1.13,
      "avg_pnl": -0.03,
      "inversion_potential": 72.2,
      "should_invert": true
    },
    "ETHUSDT|moderate": {
      "count": 30,
      "win_rate": 26.7,
      "total_pnl": -2.38,
      "avg_pnl": -0.08,
      "inversion_potential": 73.3,
      "should_invert": true
    },
    "BTCUSDT|very_strong": {
      "count": 69,
      "win_rate": 44.9,
      "total_pnl": -4.56,
      "avg_pnl": -0.07,
      "inversion_potential": 55.1,
      "should_invert": false
    },
    "SOLUSDT|strong": {
      "count": 37,
      "win_rate": 43.2,
      "total_pnl": -7.98,
      "avg_pnl": -0.22,
      "inversion_potential": 56.8,
      "should_invert": false
    },
    "AVAXUSDT|very_strong": {
      "count": 48,
      "win_rate": 29.2,
      "total_pnl": -8.27,
      "avg_pnl": -0.17,
      "inversion_potential": 70.8,
      "should_invert": true
    },
    "BTCUSDT|strong": {
      "count": 31,
      "win_rate": 19.4,
      "total_pnl": -8.51,
      "avg_pnl": -0.27,
      "inversion_potential": 80.6,
      "should_invert": true
    },
    "BTCUSDT|moderate": {
      "count": 39,
      "win_rate": 35.9,
      "total_pnl": -9.84,
      "avg_pnl": -0.25,
      "inversion_potential": 64.1,
      "should_invert": true
    },
    "ETHUSDT|weak": {
      "count": 37,
      "win_rate": 37.8,
      "total_pnl": -12.76,
      "avg_pnl": -0.34,
      "inversion_potential": 62.2,
      "should_invert": true
    },
    "ETHUSDT|very_strong": {
      "count": 90,
      "win_rate": 38.9,
      "total_pnl": -15.91,
      "avg_pnl": -0.18,
      "inversion_potential": 61.1,
      "should_invert": true
    },
    "SOLUSDT|very_strong": {
      "count": 38,
      "win_rate": 31.6,
      "total_pnl": -17.25,
      "avg_pnl": -0.45,
      "inversion_potential": 68.4,
      "should_invert": true
    }
  },
  "trend_following_analysis": {
    "neutral": {
      "count": 403,
      "follow_wr": 35.235732009925556,