{
  "alpha": {
    "count": 84,
    "wins": 0,
    "losses": 84,
    "pnl": -186.45420000000004
  },
  "beta": {
    "count": 84,
    "wins": 0,
    "losses": 84,
    "pnl": -26.53699999999998
  },
  "better_strategy": "beta",
  "pnl_difference": 159.91720000000007,
  "analysis_time": "2025-12-03T07:00:48.740683"
}