{
  "last_check": null,
  "inception_signals": {},
  "historical_accuracy": {},
  "funding_history": {
    "ADAUSDT": [
      -0.013805,
      -0.011092,
      -0.000204,
      0.004186,
      0.005807,
      0.003492,
      0.001365,
      0.001496,
      0.000272,
      -0.001402,
      -0.006047,
      -0.008616,
      -0.011887,
      -0.012094,
      -0.012646,
      -0.012735,
      -0.01161,
      -0.011662,
      0.01,
      0.008319,
      0.008366,
      0.007227,
      0.001747,
      -0.004252
    ],
    "BNBUSDT": [
      0.0,
      0.0,
      0.0,
      0.0,
      0.0,
      0.0,
      0.0,
      0.0,
      0.0,
      0.00401,
      0.0,
      0.0,
      0.0,
      0.0,
      0.0,
      0.0,
      0.0,
      0.0,
      0.0,
      0.0,
      0.0,
      0.0,
      0.0,
      0.0
    ],
    "XRPUSDT": [
      0.003459,
      0.003113,
      0.01,
      0.01,
      0.000633,
      5.4e-05,
      -0.002028,
      0.000379,
      -0.000373,
      -0.000731,
      -0.000674,
      -0.001205,
      -0.00109,
      -0.000265,
      -0.001295,
      -0.002938,
      -0.005687,
      -0.008059,
      -0.010267,
      -0.010309,
      -0.01416,
      -0.014097,
      -0.011584,
      -0.011428
    ],
    "DOGEUSDT": [
      -0.000102,
      0.000854,
      0.0011,
      0.00117,
      0.004464,
      0.004111,
      0.004167,
      0.004867,
      0.00502,
      0.004316,
      0.004402,
      0.004297,
      0.000432,
      -0.002439,
      -0.004871,
      -0.006366,
      -0.008099,
      -0.008633,
      -0.008859,
      -0.008998,
      -0.006601,
      -0.006582,
      -0.006513,
      -0.003692
    ],
    "DOTUSDT": [
      0,
      0,
      0,
      0,
      0,
      0,
      0,
      0,
      0,
      0,
      0,
      0,
      0,
      0,
      0,
      0,
      0,
      0,
      0,
      0,
      0,
      0,
      0,
      0
    ],
    "SOLUSDT": [
      0.005988,
      0.002133,
      0.00212,
      -4.9e-05,
      0.002225,
      0.003326,
      0.00323,
      0.002666,
      0.00262,
      0.002666,
      0.001224,
      0.000558,
      -0.003267,
      -0.011251,
      -0.013493,
      -0.015386,
      -0.015876,
      -0.016582,
      -0.018085,
      -0.006585,
      -0.00673,
      -0.003189,
      -0.003163,
      -0.002659
    ],
    "BTCUSDT": [
      0.00161,
      0.002973,
      0.003192,
      0.003253,
      0.003231,
      0.002634,
      0.001533,
      0.000131,
      -8e-05,
      0.000813,
      0.001183,
      0.0017,
      -0.000494,
      -0.000398,
      -0.000703,
      -0.000881,
      -0.001493,
      -0.00163,
      -0.0001,
      -3.6e-05,
      0.00919,
      0.008684,
      0.008409,
      0.006421
    ],
    "AVAXUSDT": [
      0.01,
      -0.001626,
      0.000154,
      0.000631,
      0.004389,
      0.00487,
      0.008247,
      0.01,
      0.01,
      0.01,
      0.004452,
      -0.03447,
      -0.038406,
      -0.039364,
      -0.041345,
      -0.041314,
      -0.044245,
      -0.027474,
      -0.027075,
      -0.026887,
      -0.026715,
      -0.024019,
      -0.023222,
      -0.02027
    ],
    "ETHUSDT": [
      0.003804,
      0.003195,
      0.003553,
      0.006497,
      0.006894,
      0.006861,
      0.007205,
      0.00692,
      0.002651,
      0.001402,
      0.00108,
      0.000226,
      0.000105,
      0.001996,
      0.003077,
      0.003097,
      0.003231,
      0.004619,
      0.00526,
      0.00559,
      0.005544,
      0.004711,
      0.002831,
      0.002724
    ],
    "TRXUSDT": [
      0,
      0,
      0,
      0,
      0,
      0,
      0,
      0,
      0,
      0,
      0,
      0,
      0,
      0,
      0,
      0,
      0,
      0,
      0,
      0,
      0,
      0,
      0,
      0
    ]
  },
  "oi_velocity_history": {
    "AVAXUSDT": {
      "last_price": 13.41,
      "last_oi_change": 2.03,
      "ts": "2025-12-11T04:55:02.906515"
    },
    "ETHUSDT": {
      "last_price": 3351.18,
      "last_oi_change": -2.12,
      "ts": "2025-12-10T21:15:34.410705"
    },
    "BNBUSDT": {
      "last_price": 886.17,
      "last_oi_change": -2.54,
      "ts": "2025-12-07T22:14:01.634550"
    },
    "DOGEUSDT": {
      "last_price": 0.14425,
      "last_oi_change": -2.14,
      "ts": "2025-12-10T22:48:07.117705"
    },
    "XRPUSDT": {
      "last_price": 2.0296,
      "last_oi_change": -3.79,
      "ts": "2025-12-05T16:41:11.845332"
    },
    "ADAUSDT": {
      "last_price": 0.4666,
      "last_oi_change": 3.72,
      "ts": "2025-12-09T15:58:57.547404"
    },
    "SOLUSDT": {
      "last_price": 137.26,
      "last_oi_change": -2.85,
      "ts": "2025-12-10T21:11:37.520037"
    }
  },
  "cross_coin_momentum": {},
  "last_updated": "2025-12-11T21:08:29.331187",
  "last_flip_ts": {
    "AVAXUSDT": 1765428902.658242,
    "XRPUSDT": 1765384873.532828,
    "BTCUSDT": 1765477008.232476,
    "DOGEUSDT": 1765425515.542192,
    "ADAUSDT": 1765484789.812586,
    "SOLUSDT": 1765422112.979254
  }
}