{
  "last_check": null,
  "inception_signals": {},
  "historical_accuracy": {},
  "funding_history": {
    "ADAUSDT": [
      0.003168,
      0.005271,
      0.005446,
      0.005766,
      0.006705,
      0.006923,
      0.006996,
      0.007369,
      0.007445,
      0.007497,
      0.007385,
      0.006919,
      0.006828,
      0.006494,
      0.006036,
      0.004351,
      0.001784,
      0.001452,
      0.001149,
      0.001109,
      0.000749,
      -0.001537,
      -0.001613,
      -0.002926
    ],
    "BNBUSDT": [
      0.00587,
      0.004977,
      0.003722,
      0.00364,
      0.003574,
      0.001949,
      0.001464,
      0.001351,
      0.001302,
      7.3e-05,
      0.0,
      0.0,
      0.0,
      0.0,
      0.0,
      0.0,
      0.0,
      8.3e-05,
      0.0,
      0.0,
      0.000275,
      0.001078,
      0.002882,
      0.002954
    ],
    "XRPUSDT": [
      0.006021,
      0.005832,
      0.005208,
      0.00493,
      0.004675,
      0.004285,
      0.003828,
      -0.000123,
      -0.00022,
      0.000415,
      0.001998,
      0.002304,
      0.001299,
      0.001181,
      0.001083,
      0.000509,
      0.000327,
      -7.6e-05,
      -0.00239,
      -0.003126,
      -0.003732,
      -0.003802,
      -0.007433,
      -0.008459
    ],
    "DOGEUSDT": [
      0.01,
      0.009086,
      0.008025,
      0.007437,
      0.007367,
      0.006057,
      0.004511,
      0.004456,
      0.003654,
      0.003826,
      0.004204,
      0.004475,
      0.004465,
      0.004081,
      0.003966,
      0.003916,
      0.001633,
      0.000844,
      -0.000274,
      -0.000806,
      -0.002717,
      -0.002717,
      -0.010092,
      -0.010353
    ],
    "DOTUSDT": [
      0,
      0,
      0,
      0,
      0,
      0,
      0,
      0,
      0,
      0,
      0,
      0,
      0,
      0,
      0,
      0,
      0,
      0,
      0,
      0,
      0,
      0,
      0,
      0
    ],
    "SOLUSDT": [
      0.003483,
      0.00283,
      -3.3e-05,
      -0.000641,
      -0.002582,
      -0.00336,
      -0.007398,
      -0.007547,
      -0.007773,
      -0.008689,
      -0.009063,
      -0.008325,
      -0.00784,
      -0.002134,
      -0.004051,
      -0.007614,
      -0.008573,
      -0.010935,
      -0.010357,
      -0.01032,
      -0.009907,
      -0.009343,
      -0.009349,
      -0.0092
    ],
    "BTCUSDT": [
      0.005433,
      0.004895,
      0.004773,
      0.004469,
      0.004124,
      0.004152,
      0.003901,
      0.002777,
      0.002607,
      0.002575,
      0.002578,
      0.002409,
      0.002933,
      0.002694,
      0.002459,
      0.002427,
      0.002408,
      0.003794,
      0.002754,
      0.003238,
      0.004167,
      0.004235,
      0.002773,
      0.007043
    ],
    "AVAXUSDT": [
      -0.02027,
      0.008931,
      0.009039,
      0.008961,
      0.008445,
      0.002021,
      0.000498,
      -0.00423,
      -0.005108,
      -0.00653,
      -0.004371,
      -0.005806,
      -0.006311,
      -0.006568,
      -0.006992,
      -0.012439,
      -0.012482,
      -0.012278,
      -0.012324,
      -0.0124,
      -0.018002,
      -0.015678,
      -0.016766,
      -0.035589
    ],
    "ETHUSDT": [
      0.005064,
      0.005256,
      0.005121,
      0.005121,
      0.00505,
      0.004964,
      0.004602,
      0.004608,
      0.005201,
      0.004843,
      0.004828,
      0.005535,
      0.005489,
      0.005421,
      0.007084,
      0.00705,
      0.007218,
      0.00719,
      0.007095,
      0.007315,
      0.007958,
      0.008339,
      0.009162,
      0.000725
    ],
    "TRXUSDT": [
      0,
      0,
      0,
      0,
      0,
      0,
      0,
      0,
      0,
      0,
      0,
      0,
      0,
      0,
      0,
      0,
      0,
      0,
      0,
      0,
      0,
      0,
      0,
      0
    ]
  },
  "oi_velocity_history": {
    "AVAXUSDT": {
      "last_price": 13.338,
      "last_oi_change": 2.05,
      "ts": "2025-12-13T23:31:37.878539"
    },
    "ETHUSDT": {
      "last_price": 3351.18,
      "last_oi_change": -2.12,
      "ts": "2025-12-10T21:15:34.410705"
    },
    "BNBUSDT": {
      "last_price": 886.17,
      "last_oi_change": -2.54,
      "ts": "2025-12-07T22:14:01.634550"
    },
    "DOGEUSDT": {
      "last_price": 0.14425,
      "last_oi_change": -2.14,
      "ts": "2025-12-10T22:48:07.117705"
    },
    "XRPUSDT": {
      "last_price": 2.0296,
      "last_oi_change": -3.79,
      "ts": "2025-12-05T16:41:11.845332"
    },
    "ADAUSDT": {
      "last_price": 0.4666,
      "last_oi_change": 3.72,
      "ts": "2025-12-09T15:58:57.547404"
    },
    "SOLUSDT": {
      "last_price": 137.26,
      "last_oi_change": -2.85,
      "ts": "2025-12-10T21:11:37.520037"
    }
  },
  "cross_coin_momentum": {},
  "last_updated": "2025-12-15T18:27:36.450187",
  "last_flip_ts": {
    "AVAXUSDT": 1765676433.423998,
    "XRPUSDT": 1765714164.017086,
    "BTCUSDT": 1765477008.232476,
    "DOGEUSDT": 1765723319.697574,
    "ADAUSDT": 1765729824.911481,
    "SOLUSDT": 1765668940.483774
  }
}