{
  "ts": 1765447205,
  "weights": {
    "trend": {
      "ofi": 0.26113766293540963,
      "micro_arb": 0.2425748913763936,
      "sentiment": 0.25,
      "regime": 0.2462874456881968
    },
    "chop": {
      "ofi": 0.25,
      "micro_arb": 0.26113766293540963,
      "sentiment": 0.2462874456881968,
      "regime": 0.2425748913763936
    },
    "breakout": {
      "ofi": 0.2648502172472128,
      "micro_arb": 0.2462874456881968,
      "sentiment": 0.2462874456881968,
      "regime": 0.2425748913763936
    },
    "mean_rev": {
      "ofi": 0.2462874456881968,
      "micro_arb": 0.2648502172472128,
      "sentiment": 0.2462874456881968,
      "regime": 0.2425748913763936
    },
    "uncertain": {
      "ofi": 0.25371255431180323,
      "micro_arb": 0.25371255431180323,
      "sentiment": 0.2462874456881968,
      "regime": 0.2462874456881968
    }
  }
}