{
  "breach_attempts": [],
  "attribution": {
    "spot": {},
    "futures": {
      "ETHUSDT": 2.40447032960938e-11,
      "SOLUSDT": 3.170847243393916e-11,
      "AVAXUSDT": 8.191475022922174e-10,
      "DOTUSDT": 9.74911559419583e-10,
      "ADAUSDT": 4.851428309994218e-10,
      "DOGEUSDT": 3.284221083453406e-10,
      "BNBUSDT": 1.035826440747034e-09,
      "MATICUSDT": 1.112595532488758e-09,
      "ARBUSDT": 8.345509729368289e-10,
      "BTCUSDT": 3.097669360984084e-11,
      "XRPUSDT": 2.358488464502872e-10,
      "LINKUSDT": 5.490154803460573e-09,
      "OPUSDT": 3.1023472636661607e-07
    },
    "strategy": {
      "Sentiment-Fusion": 1.7296034496876e-24,
      "Breakout-Aggressive": 3.2134777156842566e-10,
      "Trend-Conservative": 6.471356757206987e-11
    }
  },
  "shadow": {
    "wins": {},
    "enabled": true
  }
}