{"pid": 79855, "timestamp": "2025-12-15T18:39:55.791215", "uptime_seconds": 1260.283697605133, "memory_mb": 434.0}