{"pid": 72505, "timestamp": "2025-12-15T15:09:25.221653", "uptime_seconds": 8361.982749462128, "memory_mb": 128.5}