{"pid": 72505, "timestamp": "2025-12-15T15:15:32.738111", "uptime_seconds": 8729.49920797348, "memory_mb": 128.5}