{
  "timestamp": "2025-12-14T18:08:39.445416",
  "tracks": {
    "SOLUSDT|Sentiment-Fusion": {
      "initial": 0.5200105225423193,
      "latest": 0.56001030432364,
      "mean": 0.550047,
      "std": 0.136478,
      "decay": 0.04
    },
    "SOLUSDT|Trend-Conservative": {
      "initial": 0.5200105225423193,
      "latest": 0.56001030432364,
      "mean": 0.535761,
      "std": 0.106169,
      "decay": 0.04
    },
    "XRPUSDT|Sentiment-Fusion": {
      "initial": 0.6200007130167546,
      "latest": 0.4200004198548441,
      "mean": 0.587758,
      "std": 0.12268,
      "decay": -0.2
    },
    "XRPUSDT|Trend-Conservative": {
      "initial": 0.6200007130167546,
      "latest": 0.4200004198548441,
      "mean": 0.587758,
      "std": 0.12268,
      "decay": -0.2
    },
    "BNBUSDT|Sentiment-Fusion": {
      "initial": 0.560004609031969,
      "latest": 0.55,
      "mean": 0.551429,
      "std": 0.003501,
      "decay": -0.010005
    },
    "BNBUSDT|Trend-Conservative": {
      "initial": 0.560004609031969,
      "latest": 0.55,
      "mean": 0.551429,
      "std": 0.003501,
      "decay": -0.010005
    },
    "MATICUSDT|Sentiment-Fusion": {
      "initial": 0.41000000000000003,
      "latest": 0.41000000000000003,
      "mean": 0.41,
      "std": 0.0,
      "decay": 0.0
    },
    "MATICUSDT|Trend-Conservative": {
      "initial": 0.41000000000000003,
      "latest": 0.41000000000000003,
      "mean": 0.41,
      "std": 0.0,
      "decay": 0.0
    },
    "BTCUSDT|Sentiment-Fusion": {
      "initial": 0.719837114249394,
      "latest": 0.43544779345102774,
      "mean": 0.535698,
      "std": 0.112899,
      "decay": -0.284389
    },
    "BTCUSDT|Trend-Conservative": {
      "initial": 0.719837114249394,
      "latest": 0.43544779345102774,
      "mean": 0.535698,
      "std": 0.112899,
      "decay": -0.284389
    },
    "ETHUSDT|Sentiment-Fusion": {
      "initial": 0.660007752684759,
      "latest": 0.78,
      "mean": 0.563336,
      "std": 0.131361,
      "decay": 0.119992
    },
    "ETHUSDT|Trend-Conservative": {
      "initial": 0.560007752684759,
      "latest": 0.78,
      "mean": 0.546669,
      "std": 0.124187,
      "decay": 0.219992
    },
    "AVAXUSDT|Sentiment-Fusion": {
      "initial": 0.41000170307405703,
      "latest": 0.4100013672490309,
      "mean": 0.410002,
      "std": 0.0,
      "decay": -0.0
    },
    "AVAXUSDT|Trend-Conservative": {
      "initial": 0.41000170307405703,
      "latest": 0.4100013672490309,
      "mean": 0.410002,
      "std": 0.0,
      "decay": -0.0
    }
  }
}