{
  "timestamp": "2025-12-15T18:38:52.217464",
  "tracks": {
    "BTCUSDT|Sentiment-Fusion": {
      "initial": 0.5163040310238227,
      "latest": 0.44001578628257354,
      "mean": 0.477167,
      "std": 0.157258,
      "decay": -0.076288
    },
    "BTCUSDT|Trend-Conservative": {
      "initial": 0.5163040310238227,
      "latest": 0.44001578628257354,
      "mean": 0.477167,
      "std": 0.157258,
      "decay": -0.076288
    },
    "ETHUSDT|Sentiment-Fusion": {
      "initial": 0.43001118974064223,
      "latest": 0.42000000000000004,
      "mean": 0.443905,
      "std": 0.071104,
      "decay": -0.010011
    },
    "ETHUSDT|Trend-Conservative": {
      "initial": 0.43001118974064223,
      "latest": 0.42000000000000004,
      "mean": 0.443905,
      "std": 0.071104,
      "decay": -0.010011
    },
    "SOLUSDT|Sentiment-Fusion": {
      "initial": 0.75,
      "latest": 0.5208188693309793,
      "mean": 0.522974,
      "std": 0.148391,
      "decay": -0.229181
    },
    "SOLUSDT|Trend-Conservative": {
      "initial": 0.75,
      "latest": 0.5208188693309793,
      "mean": 0.522974,
      "std": 0.148391,
      "decay": -0.229181
    },
    "ADAUSDT|Sentiment-Fusion": {
      "initial": 0.41000000000000003,
      "latest": 0.41000000000000003,
      "mean": 0.41,
      "std": 0.0,
      "decay": 0.0
    },
    "ADAUSDT|Trend-Conservative": {
      "initial": 0.41000000000000003,
      "latest": 0.41000000000000003,
      "mean": 0.41,
      "std": 0.0,
      "decay": 0.0
    },
    "BNBUSDT|Sentiment-Fusion": {
      "initial": 0.41000099034249626,
      "latest": 0.6200000000000001,
      "mean": 0.516105,
      "std": 0.099089,
      "decay": 0.209999
    },
    "BNBUSDT|Trend-Conservative": {
      "initial": 0.41000099034249626,
      "latest": 0.6200000000000001,
      "mean": 0.516105,
      "std": 0.099089,
      "decay": 0.209999
    },
    "MATICUSDT|Sentiment-Fusion": {
      "initial": 0.41000000000000003,
      "latest": 0.41000000000000003,
      "mean": 0.41,
      "std": 0.0,
      "decay": 0.0
    },
    "MATICUSDT|Trend-Conservative": {
      "initial": 0.41000000000000003,
      "latest": 0.41000000000000003,
      "mean": 0.41,
      "std": 0.0,
      "decay": 0.0
    },
    "AVAXUSDT|Sentiment-Fusion": {
      "initial": 0.41000143722056026,
      "latest": 0.41000000000000003,
      "mean": 0.410001,
      "std": 0.0,
      "decay": -1e-06
    },
    "AVAXUSDT|Trend-Conservative": {
      "initial": 0.41000143722056026,
      "latest": 0.41000000000000003,
      "mean": 0.410001,
      "std": 0.0,
      "decay": -1e-06
    },
    "XRPUSDT|Sentiment-Fusion": {
      "initial": 0.5754070157512787,
      "latest": 0.4479276804443084,
      "mean": 0.484122,
      "std": 0.065008,
      "decay": -0.127479
    },
    "XRPUSDT|Trend-Conservative": {
      "initial": 0.5754070157512787,
      "latest": 0.4479276804443084,
      "mean": 0.484122,
      "std": 0.065008,
      "decay": -0.127479
    },
    "DOTUSDT|Sentiment-Fusion": {
      "initial": 0.41001580556224126,
      "latest": 0.41001221337222593,
      "mean": 0.410014,
      "std": 1e-06,
      "decay": -4e-06
    },
    "DOTUSDT|Trend-Conservative": {
      "initial": 0.41001580556224126,
      "latest": 0.41001221337222593,
      "mean": 0.410014,
      "std": 1e-06,
      "decay": -4e-06
    },
    "DOGEUSDT|Sentiment-Fusion": {
      "initial": 0.6100050447504286,
      "latest": 0.43001943819528055,
      "mean": 0.604535,
      "std": 0.116524,
      "decay": -0.179986
    },
    "DOGEUSDT|Trend-Conservative": {
      "initial": 0.6100050447504286,
      "latest": 0.43001943819528055,
      "mean": 0.604535,
      "std": 0.116524,
      "decay": -0.179986
    },
    "LINKUSDT|Sentiment-Fusion": {
      "initial": 0.75,
      "latest": 0.41000000000000003,
      "mean": 0.523333,
      "std": 0.160278,
      "decay": -0.34
    },
    "LINKUSDT|Trend-Conservative": {
      "initial": 0.75,
      "latest": 0.41000000000000003,
      "mean": 0.523333,
      "std": 0.160278,
      "decay": -0.34
    },
    "PEPEUSDT|Sentiment-Fusion": {
      "initial": 0.75,
      "latest": 0.41000000000000003,
      "mean": 0.58,
      "std": 0.17,
      "decay": -0.34
    },
    "PEPEUSDT|Trend-Conservative": {
      "initial": 0.75,
      "latest": 0.41000000000000003,
      "mean": 0.58,
      "std": 0.17,
      "decay": -0.34
    }
  }
}