{
  "ts": "2025-11-30T00:57:54.014932Z",
  "taker_flow": {
    "BTC": {
      "buy_vol_usd": 14339403961.351707,
      "sell_vol_usd": 16148200204.70001,
      "buy_ratio": 0.4703,
      "sell_ratio": 0.5297,
      "buy_sell_ratio": 0.8879877496922632
    },
    "ETH": {
      "buy_vol_usd": 19339544634.402916,
      "sell_vol_usd": 18936606052.68337,
      "buy_ratio": 0.5053,
      "sell_ratio": 0.4947,
      "buy_sell_ratio": 1.0212782892878765
    },
    "SOL": {
      "buy_vol_usd": 3623328738.0129,
      "sell_vol_usd": 3749080469.483824,
      "buy_ratio": 0.4915,
      "sell_ratio": 0.5085000000000001,
      "buy_sell_ratio": 0.9664579801648703
    },
    "BNB": {
      "buy_vol_usd": 327983018.42701,
      "sell_vol_usd": 374929344.02145,
      "buy_ratio": 0.46659999999999996,
      "sell_ratio": 0.5334,
      "buy_sell_ratio": 0.874786206139805
    },
    "AVAX": {
      "buy_vol_usd": 266533428.5003004,
      "sell_vol_usd": 306643522.4665992,
      "buy_ratio": 0.465,
      "sell_ratio": 0.535,
      "buy_sell_ratio": 0.8691963435468696
    },
    "DOT": {
      "buy_vol_usd": 106296209.721482,
      "sell_vol_usd": 111771812.13257,
      "buy_ratio": 0.4874,
      "sell_ratio": 0.5126,
      "buy_sell_ratio": 0.9510108827385431
    },
    "XRP": {
      "buy_vol_usd": 1355023787.74669,
      "sell_vol_usd": 1545007097.001346,
      "buy_ratio": 0.4672,
      "sell_ratio": 0.5328,
      "buy_sell_ratio": 0.8770340216408141
    },
    "ADA": {
      "buy_vol_usd": 319374400.333434,
      "sell_vol_usd": 353336841.295386,
      "buy_ratio": 0.47479999999999994,
      "sell_ratio": 0.5252,
      "buy_sell_ratio": 0.9038808383596779
    },
    "DOGE": {
      "buy_vol_usd": 1121653298.088354,
      "sell_vol_usd": 1167469989.604374,
      "buy_ratio": 0.49,
      "sell_ratio": 0.51,
      "buy_sell_ratio": 0.9607555723710329
    },
    "MATIC": {
      "buy_vol_usd": 0.0,
      "sell_vol_usd": 0.0,
      "buy_ratio": 0.0,
      "sell_ratio": 0.0,
      "buy_sell_ratio": 1.0
    },
    "TRX": {
      "buy_vol_usd": 63595415.614071,
      "sell_vol_usd": 65363201.233491,
      "buy_ratio": 0.49310000000000004,
      "sell_ratio": 0.5069,
      "buy_sell_ratio": 0.9729544210494663
    },
    "LINK": {
      "buy_vol_usd": 419301296.4151803,
      "sell_vol_usd": 429321383.1580989,
      "buy_ratio": 0.4941,
      "sell_ratio": 0.5059,
      "buy_sell_ratio": 0.9766606390084497
    },
    "ARB": {
      "buy_vol_usd": 55713701.021784,
      "sell_vol_usd": 65881497.08373,
      "buy_ratio": 0.4582,
      "sell_ratio": 0.5418,
      "buy_sell_ratio": 0.8456653762888302
    }
  },
  "liquidations": {},
  "fear_greed": 50
}